{"cameraMode":{"drawMode":0,"name":"Shaded","section":"Shading Mode"},"sceneLighting":true,"audioPlay":false,"sceneViewState":{"showFog":true,"showMaterialUpdate":true,"showSkybox":true,"showFlares":true,"showImageEffects":true,"showParticleSystems":true},"in2DMode":false,"pivot":{"x":-23.98111915588379,"y":-8.725001335144043,"z":8.718798637390137},"rotation":{"x":0.15620312094688416,"y":-0.4119103252887726,"z":0.07191362231969834,"w":0.8949218392372131},"size":1.7247986793518067,"orthographic":false}