{"cameraMode":{"drawMode":0,"name":"Shaded","section":"Shading Mode"},"sceneLighting":true,"audioPlay":false,"sceneViewState":{"showFog":true,"showMaterialUpdate":true,"showSkybox":true,"showFlares":true,"showImageEffects":true,"showParticleSystems":true},"in2DMode":false,"pivot":{"x":-22.512920379638673,"y":-8.9568510055542,"z":0.18045003712177277},"rotation":{"x":-0.0559200644493103,"y":0.5349223017692566,"z":-0.03555333986878395,"w":-0.8423678278923035},"size":0.45371830463409426,"orthographic":false}