{"cameraMode":{"drawMode":0,"name":"Shaded","section":"Shading Mode"},"sceneLighting":true,"audioPlay":false,"sceneViewState":{"showFog":true,"showMaterialUpdate":false,"showSkybox":true,"showFlares":true,"showImageEffects":true,"showParticleSystems":true},"in2DMode":false,"pivot":{"x":-23.02016830444336,"y":-9.636813163757325,"z":1.9919624328613282},"rotation":{"x":-0.09514812380075455,"y":0.9021281599998474,"z":-0.33218425512313845,"w":-0.2584592401981354},"size":1.7981438636779786,"orthographic":false}