{"cameraMode":{"drawMode":0,"name":"Shaded","section":"Shading Mode"},"sceneLighting":true,"audioPlay":false,"sceneViewState":{"showFog":true,"showMaterialUpdate":false,"showSkybox":true,"showFlares":true,"showImageEffects":true,"showParticleSystems":true},"in2DMode":false,"pivot":{"x":-17.937204360961915,"y":-9.515161514282227,"z":0.6458170413970947},"rotation":{"x":-0.17875665426254273,"y":-0.07901711761951447,"z":0.01440515462309122,"w":-0.9806198477745056},"size":2.311143636703491,"orthographic":false}