{"cameraMode":{"drawMode":0,"name":"Shaded","section":"Shading Mode"},"sceneLighting":true,"audioPlay":false,"sceneViewState":{"showFog":true,"showMaterialUpdate":true,"showSkybox":true,"showFlares":true,"showImageEffects":true,"showParticleSystems":true},"in2DMode":false,"pivot":{"x":-25.989870071411134,"y":-8.526906967163086,"z":4.704108715057373},"rotation":{"x":-0.034810446202754977,"y":0.9523230791091919,"z":0.11888507008552551,"w":0.27898773550987246},"size":1.6330585479736329,"orthographic":false}